filename	cm-score
HGT1013455.wav	0.024385711844000284
HGT1027213.wav	0.22890879204764966
HGT1029437.wav	0.014750254650857827
HGT1046947.wav	0.37648466865439367
HGT1048546.wav	0.035335886721619747
HGT1059546.wav	0.023673751259108252
HGT1065837.wav	0.015776315733058602
HGT1074926.wav	0.65943743870325
HGT1076008.wav	0.73752143214024823
HGT1076625.wav	0.033873729909861983
HGT1078475.wav	0.014764318423869181
HGT1078865.wav	0.02430665282885688
HGT1079053.wav	0.016449528071608651
HGT1080435.wav	0.030091558322497668
HGT1087600.wav	0.010373286480886061
HGT1095703.wav	0.02073384532452786
HGT1095881.wav	0.019261178660551527
HGT1101887.wav	0.012666024207451694
HGT1108394.wav	0.019868124652386715
HGT1112031.wav	0.033778170820928086
HGT1119749.wav	0.72674662050728922
HGT1135324.wav	0.05233812543249227
HGT1150418.wav	0.77705192519720723
HGT1156575.wav	0.11588877720404352
HGT1160303.wav	0.024668965954829491
HGT1162530.wav	0.029972201612570026
HGT1167935.wav	0.019864929779459601
HGT1171242.wav	0.052580836831329372
HGT1175953.wav	0.019416686581761478
HGT1177373.wav	0.021166671423361851
HGT1180125.wav	0.67776064205665676
HGT1196573.wav	0.014157836518603605
HGT1206946.wav	0.022835847808083051
HGT1211283.wav	0.032822021678236134
HGT1217313.wav	0.075790499985762289
HGT1221277.wav	0.84707096322967868
HGT1231371.wav	0.022270752469364184
HGT1231663.wav	0.68197025681648238
HGT1247495.wav	0.013779330590362788
HGT1250967.wav	0.055746347831970605
HGT1252382.wav	0.02982560054271698
HGT1267631.wav	0.026941230886362837
HGT1273281.wav	0.097430033936768579
HGT1277167.wav	0.016391813776816092
HGT1286435.wav	0.027636352912589025
HGT1295273.wav	0.018873521834115687
HGT1298217.wav	0.046569114644848301
HGT1302610.wav	0.027306365418070293
HGT1310023.wav	0.84675619596980967
HGT1312950.wav	0.82734755311157704
HGT1322477.wav	0.012752354843442209
HGT1323375.wav	0.66014805250628428
HGT1326973.wav	0.039811425697081293
HGT1341712.wav	0.027371933369565331
HGT1346317.wav	0.017922913593689666
HGT1355175.wav	0.051238736826493117
HGT1356500.wav	0.02289926076842921
HGT1361375.wav	0.082559984989213756
HGT1367237.wav	0.016061669036797347
HGT1378565.wav	0.87568065427810493
HGT1423683.wav	0.022331665930774697
HGT1425064.wav	0.79862488748958504
HGT1426588.wav	0.81091845834600462
HGT1427045.wav	0.017218905069834384
HGT1428082.wav	0.12223679097932698
HGT1432483.wav	0.63828566268898324
HGT1434611.wav	0.83211016681726646
HGT1436404.wav	0.037408958950018487
HGT1441410.wav	0.023262514710619006
HGT1442378.wav	0.043659880621131533
HGT1444231.wav	0.032871489440628399
HGT1446333.wav	0.33233575359277545
HGT1447073.wav	0.025158845938201495
HGT1449929.wav	0.048574207301741112
HGT1457035.wav	0.014518090130628172
HGT1457930.wav	0.010963814446724068
HGT1460292.wav	0.65667483604697652
HGT1462625.wav	0.023577003086584863
HGT1467190.wav	0.0095936041815956156
HGT1474298.wav	0.021516125004354004
HGT1483864.wav	0.028978158701698092
HGT1495754.wav	0.77143529698985402
HGT1502001.wav	0.024938557279375499
HGT1502491.wav	0.86175498693200892
HGT1503106.wav	0.033074084318804237
HGT1504572.wav	0.0059486258716850843
HGT1510590.wav	0.018768949933071478
HGT1513611.wav	0.010325517031694983
HGT1519682.wav	0.44725783457247981
HGT1526494.wav	0.04725446992404226
HGT1527864.wav	0.012509682896932906
HGT1529577.wav	0.48111401669912368
HGT1538647.wav	0.085842456160601321
HGT1548780.wav	0.018851883253669759
HGT1551403.wav	0.03293298483105684
HGT1556522.wav	0.050127911158412496
HGT1557957.wav	0.82146335880860211
HGT1560269.wav	0.0080815882563121354
HGT1563003.wav	0.026906601743107536
HGT1569066.wav	0.014305178081825081
HGT1573843.wav	0.79328305979158498
HGT1577598.wav	0.01913032637943958
HGT1585939.wav	0.0098024143737438993
HGT1589323.wav	0.29767044733872677
HGT1597760.wav	0.02795409819014932
HGT1599335.wav	0.71191826169262529
HGT1599525.wav	0.72933993961286281
HGT1601027.wav	0.50700234205089389
HGT1607363.wav	0.045403856380324424
HGT1609843.wav	0.036472354654617282
HGT1617927.wav	0.011360986290331705
HGT1619235.wav	0.022172341618215196
HGT1622407.wav	0.021172376025870115
HGT1624324.wav	0.011858172663601861
HGT1629692.wav	0.71341108543011689
HGT1630688.wav	0.87397049236381741
HGT1632484.wav	0.025486762619569604
HGT1632867.wav	0.70145902363551238
HGT1634559.wav	0.77660992561493591
HGT1641684.wav	0.0191960148344925
HGT1641894.wav	0.0245042275336026
HGT1645820.wav	0.047410190443945815
HGT1649852.wav	0.24887969511721675
HGT1650050.wav	0.74435565060024234
HGT1666092.wav	0.021533493319427739
HGT1671489.wav	0.58823261265044113
HGT1672742.wav	0.014169271079906561
HGT1674660.wav	0.015441788605829999
HGT1681460.wav	0.021911798954382972
HGT1685218.wav	0.14816092644676113
HGT1693264.wav	0.015876327479248085
HGT1695757.wav	0.023170158273450425
HGT1696763.wav	0.043409234145605984
HGT1701234.wav	0.081887227779206095
HGT1713163.wav	0.019276371368411906
HGT1713250.wav	0.017907059390111651
HGT1716390.wav	0.03854136813479165
HGT1719913.wav	0.025578211405241892
HGT1722012.wav	0.012748740558949402
HGT1733690.wav	0.026220404008019414
HGT1739846.wav	0.44449590862174265
HGT1743182.wav	0.76936714089307112
HGT1751352.wav	0.73482796058764144
HGT1753209.wav	0.030094035636502314
HGT1756043.wav	0.019010284070457236
HGT1760496.wav	0.023090739063389119
HGT1763816.wav	0.095716569244500824
HGT1764979.wav	0.039582131696354203
HGT1765737.wav	0.023393795597684241
HGT1767679.wav	0.11589789443812855
HGT1769378.wav	0.022355694224683042
HGT1774903.wav	0.90624562972973488
HGT1777689.wav	0.59844130992648281
HGT1782014.wav	0.013974316938893283
HGT1783554.wav	0.68755963621708815
HGT1792528.wav	0.72610917709544398
HGT1792743.wav	0.014378699709504545
HGT1794158.wav	0.020129994188843214
HGT1798189.wav	0.021877968169324861
HGT1804611.wav	0.018530025354885262
HGT1809920.wav	0.69378577616199821
HGT1813886.wav	0.027068343275680151
HGT1817253.wav	0.035419683537106748
HGT1821825.wav	0.02790458256912878
HGT1824308.wav	0.6924620289315454
HGT1831431.wav	0.69471752609513415
HGT1839606.wav	0.028785211006056494
HGT1854846.wav	0.017267083484919631
HGT1856122.wav	0.028544488653107124
HGT1856760.wav	0.017312024632714727
HGT1859948.wav	0.73040221667345373
HGT1866266.wav	0.83817017195979404
HGT1876795.wav	0.016076961138874933
HGT1878710.wav	0.024449358565316735
HGT1879733.wav	0.8706408689635069
HGT1880318.wav	0.017183957523696038
HGT1896212.wav	0.018680253010893176
HGT1897799.wav	0.024893618547169687
HGT1898131.wav	0.036605784046622535
HGT1900652.wav	0.032020375481493238
HGT1905886.wav	0.10551882378923133
HGT1909825.wav	0.077470094711763152
HGT1914656.wav	0.041433435340446377
HGT1921574.wav	0.30419985358307261
HGT1925841.wav	0.018507228838129264
HGT1925947.wav	0.028009370305430083
HGT1941640.wav	0.014201209236639091
HGT1949933.wav	0.014464250189143648
HGT1956439.wav	0.014458999398191983
HGT1961562.wav	0.61616933877231062
HGT1972671.wav	0.50035643459540668
HGT1980973.wav	0.013420430103691204
HGT1989714.wav	0.013289552473129877
HGT2016856.wav	0.60884339311798752
HGT2019835.wav	0.6980863812901883
HGT2021979.wav	0.029877638989558527
HGT2024949.wav	0.69573608793398234
HGT2026574.wav	0.017646767176090185
HGT2029371.wav	0.032735815514255279
HGT2034442.wav	0.61065517139390957
HGT2037767.wav	0.021872661744766569
HGT2039810.wav	0.042069918135424149
HGT2048554.wav	0.018435084782969187
HGT2063125.wav	0.02262575112219441
HGT2063344.wav	0.018916160363635776
HGT2065361.wav	0.61716702666790524
HGT2069284.wav	0.024640398742487187
HGT2075355.wav	0.71671029886708515
HGT2078217.wav	0.025213441702138514
HGT2080120.wav	0.46393746891463167
HGT2083258.wav	0.65885342049284013
HGT2088600.wav	0.031333614427611338
HGT2092715.wav	0.76937179208516082
HGT2096248.wav	0.70900269287230799
HGT2103367.wav	0.82854116702691427
HGT2112526.wav	0.020164954767514447
HGT2113525.wav	0.013127630024767354
HGT2121335.wav	0.019733746166079293
HGT2140143.wav	0.038145358448605379
HGT2140666.wav	0.033573556076759103
HGT2143491.wav	0.017406495724003625
HGT2144695.wav	0.72609081014053312
HGT2144894.wav	0.013733746151582831
HGT2152686.wav	0.015755520144358534
HGT2154657.wav	0.014674299411523914
HGT2157958.wav	0.015912634228743238
HGT2159785.wav	0.011814499441530155
HGT2163380.wav	0.083100167964439003
HGT2166825.wav	0.054948680392385957
HGT2172020.wav	0.01732392366816413
HGT2174268.wav	0.49534741819823536
HGT2186886.wav	0.032697299634147754
HGT2195776.wav	0.06164493178254242
HGT2209272.wav	0.013292301627856358
HGT2211666.wav	0.023561362923517407
HGT2213726.wav	0.022193641454656288
HGT2234114.wav	0.041808964514213405
HGT2234601.wav	0.031862999469625473
HGT2244643.wav	0.013853065207921204
HGT2249418.wav	0.01904704984531045
HGT2255927.wav	0.74509224905659144
HGT2256950.wav	0.052258497621661862
HGT2257842.wav	0.78644569053384727
HGT2271892.wav	0.026965284321332914
HGT2272542.wav	0.025463585245658178
HGT2278503.wav	0.63556440033225758
HGT2278539.wav	0.028030718344821477
HGT2293248.wav	0.013022328638713753
HGT2297609.wav	0.040015770650932203
HGT2298188.wav	0.022738173693281481
HGT2300097.wav	0.043846174533907954
HGT2305393.wav	0.33646499316512007
HGT2316989.wav	0.54858976830452466
HGT2319226.wav	0.5520675576258911
HGT2320020.wav	0.011613160033317282
HGT2329466.wav	0.055562608648817832
HGT2335065.wav	0.04934326542973156
HGT2345767.wav	0.033526414717164769
HGT2348845.wav	0.028677124282496476
HGT2353440.wav	0.019008519784270272
HGT2357164.wav	0.018683767668493792
HGT2360253.wav	0.011932912806024407
HGT2360850.wav	0.46739435245024308
HGT2367488.wav	0.81573042501869153
HGT2368188.wav	0.11537836580756426
HGT2375292.wav	0.014051545355734798
HGT2381771.wav	0.048280374117044604
HGT2383708.wav	0.041608768295367214
HGT2384401.wav	0.84702247145714638
HGT2384719.wav	0.027200402720547301
HGT2388141.wav	0.018102468422229599
HGT2394006.wav	0.70984760017972925
HGT2400067.wav	0.030983273257704474
HGT2406391.wav	0.69990872887723743
HGT2406504.wav	0.034821104632171619
HGT2419574.wav	0.02025698577204425
HGT2421658.wav	0.025003037824249955
HGT2422776.wav	0.016444033216755208
HGT2431857.wav	0.015221823657298962
HGT2432375.wav	0.83252956296454883
HGT2432725.wav	0.023320020457295695
HGT2433241.wav	0.10306350018257431
HGT2435062.wav	0.015258135373975065
HGT2447677.wav	0.41046643522532372
HGT2448531.wav	0.022762001892883625
HGT2453521.wav	0.84187521609015836
HGT2454060.wav	0.053485171719870037
HGT2467222.wav	0.021560233455456646
HGT2472650.wav	0.018846821307171222
HGT2474768.wav	0.016694684760173845
HGT2475123.wav	0.03383970362758764
HGT2477876.wav	0.018067369747849369
HGT2480827.wav	0.6469778808377733
HGT2484611.wav	0.070790829733878527
HGT2487533.wav	0.029089089076767976
HGT2493361.wav	0.014184357534651739
HGT2520934.wav	0.88468303829426587
HGT2522587.wav	0.01691427560786327
HGT2524532.wav	0.054907498416797922
HGT2530228.wav	0.030401606403121718
HGT2537166.wav	0.41489640066002642
HGT2538335.wav	0.50158974030340342
HGT2546033.wav	0.018458499507564743
HGT2547188.wav	0.054082486850319918
HGT2554064.wav	0.12188132670044756
HGT2559881.wav	0.019476064833419484
HGT2560900.wav	0.016896332110297028
HGT2561031.wav	0.68923108772600206
HGT2563556.wav	0.013463998954844252
HGT2570783.wav	0.032582241110626284
HGT2595488.wav	0.014878757366754146
HGT2597337.wav	0.015923577480611507
HGT2599269.wav	0.83315992234037395
HGT2607768.wav	0.033540168990742386
HGT2608474.wav	0.055642683880926358
HGT2617942.wav	0.011983495963530133
HGT2619354.wav	0.19467585492298153
HGT2625598.wav	0.02417951623758156
HGT2628500.wav	0.020155647235719897
HGT2629569.wav	0.61453728513363015
HGT2643796.wav	0.020786063529565659
HGT2645595.wav	0.79710241586178865
HGT2649960.wav	0.52583647096099251
HGT2662010.wav	0.032309700036611821
HGT2666920.wav	0.024393527022285224
HGT2672815.wav	0.037871510389867503
HGT2678552.wav	0.015239939123931538
HGT2683246.wav	0.010576730453035409
HGT2685810.wav	0.016126864080850588
HGT2695286.wav	0.033076136873399095
HGT2697196.wav	0.046635799456886493
HGT2697551.wav	0.01500362040105385
HGT2698177.wav	0.82713241183945707
HGT2700746.wav	0.61294826627366961
HGT2709416.wav	0.097303101387341537
HGT2713032.wav	0.019722373763900836
HGT2713461.wav	0.6908568005152238
HGT2717464.wav	0.013522742945160145
HGT2722180.wav	0.026434853116847928
HGT2727000.wav	0.60779524449944966
HGT2733882.wav	0.050732966717882036
HGT2741683.wav	0.014056614746768016
HGT2751250.wav	0.17079055053413736
HGT2756311.wav	0.13767046607997183
HGT2759591.wav	0.017902283560422078
HGT2763612.wav	0.31884226934757315
HGT2774455.wav	0.05167828872249728
HGT2784205.wav	0.01048391297050401
HGT2790711.wav	0.013872132255686561
HGT2797499.wav	0.12154225943716829
HGT2801321.wav	0.010778888961727242
HGT2804107.wav	0.017467919517084134
HGT2815331.wav	0.77092340487732014
HGT2816091.wav	0.061494930370685381
HGT2816769.wav	0.01104393694152413
HGT2818196.wav	0.015763379741383764
HGT2821596.wav	0.79774851590872509
HGT2821641.wav	0.072467634309058948
HGT2822208.wav	0.63617398758372834
HGT2826806.wav	0.022381660703344658
HGT2831389.wav	0.014812416158236783
HGT2831586.wav	0.83461719649828658
HGT2832248.wav	0.012201480559733181
HGT2832662.wav	0.58974505542849087
HGT2857443.wav	0.012014416127213667
HGT2859897.wav	0.85120555162049116
HGT2869679.wav	0.78011152771574155
HGT2874120.wav	0.82793051041968357
HGT2875918.wav	0.5668852576464205
HGT2879231.wav	0.037253872109999454
HGT2888075.wav	0.70546407822748936
HGT2890759.wav	0.041526332896582793
HGT2893119.wav	0.032813659805690523
HGT2894056.wav	0.019256255451440208
HGT2895064.wav	0.039618112828277117
HGT2901484.wav	0.50122861958492748
HGT2909707.wav	0.0098847139458477142
HGT2913243.wav	0.030162970319552628
HGT2913661.wav	0.01780102574872092
HGT2917440.wav	0.7683209176724779
HGT2919329.wav	0.018355902758214814
HGT2922383.wav	0.014890550942822421
HGT2931686.wav	0.15849621052728433
HGT2934417.wav	0.021965098686843484
HGT2938565.wav	0.0095394055982621975
HGT2967007.wav	0.0092995341018434867
HGT2967499.wav	0.025328596328963698
HGT2968999.wav	0.023699644051564422
HGT2969513.wav	0.0087774123468416631
HGT2980282.wav	0.65515639658767211
HGT2992520.wav	0.021815908056688815
HGT3013254.wav	0.75866464008884971
HGT3021678.wav	0.52298089829211913
HGT3029132.wav	0.017748797462472612
HGT3030733.wav	0.61418745561920096
HGT3030755.wav	0.73154615119932931
HGT3033618.wav	0.63850898373023235
HGT3033778.wav	0.42594316334259691
HGT3039850.wav	0.019094572563721497
HGT3067486.wav	0.59567428226088293
HGT3076633.wav	0.024748612502622978
HGT3091031.wav	0.67401987795168894
HGT3094895.wav	0.013695190594955593
HGT3096416.wav	0.015415049343409233
HGT3097532.wav	0.029945996992940999
HGT3106794.wav	0.017972884336179017
HGT3112716.wav	0.017015898241785392
HGT3127535.wav	0.74949030888785984
HGT3139745.wav	0.010655555377821251
HGT3164705.wav	0.041576967479765824
HGT3164708.wav	0.023083315414880387
HGT3166664.wav	0.021083112120971449
HGT3173553.wav	0.044408375827019411
HGT3174759.wav	0.016618297825454358
HGT3175336.wav	0.026073044239401943
HGT3190357.wav	0.014487224328089023
HGT3200163.wav	0.020598259276363419
HGT3215619.wav	0.038991184584625881
HGT3221765.wav	0.017775672044082189
HGT3223298.wav	0.02129043930904034
HGT3228439.wav	0.021600221693185238
HGT3229000.wav	0.03070297817912461
HGT3237868.wav	0.6613694305083786
HGT3242656.wav	0.8757393630743342
HGT3247160.wav	0.024837206865060173
HGT3250490.wav	0.023717110939285361
HGT3250894.wav	0.10654257551550081
HGT3256737.wav	0.017395674297955997
HGT3259751.wav	0.016753633712120276
HGT3272448.wav	0.86007719744668354
HGT3274858.wav	0.21856719807994213
HGT3280112.wav	0.02496147133163476
HGT3285300.wav	0.021726447638399326
HGT3287723.wav	0.015799880175304284
HGT3288017.wav	0.25091873272038984
HGT3289837.wav	0.69597676586578427
HGT3292985.wav	0.72920366810812087
HGT3298714.wav	0.025528232549210408
HGT3301710.wav	0.012659348435720389
HGT3302899.wav	0.20801208375930538
HGT3306177.wav	0.4476099959701384
HGT3309260.wav	0.013377421867864994
HGT3310822.wav	0.74357458807085164
HGT3317712.wav	0.015477851913686851
HGT3320569.wav	0.018247834443067525
HGT3320598.wav	0.021617389743017947
HGT3323717.wav	0.014134632798708217
HGT3326864.wav	0.012114978329036288
HGT3335005.wav	0.039252569183039189
HGT3339275.wav	0.036787960129438059
HGT3340512.wav	0.6378278767902229
HGT3345202.wav	0.012748715434185163
HGT3348440.wav	0.027875475269390312
HGT3349156.wav	0.023000172080096404
HGT3353604.wav	0.030134851399860576
HGT3354961.wav	0.7333518161201531
HGT3369322.wav	0.68515894757255091
HGT3371163.wav	0.01589075069954125
HGT3372684.wav	0.023290093821303245
HGT3373813.wav	0.041277512791746851
HGT3374547.wav	0.014494263511829433
HGT3375597.wav	0.025943405702833228
HGT3376773.wav	0.066101434407686344
HGT3390618.wav	0.042866467256210905
HGT3395997.wav	0.51155730924619547
HGT3396617.wav	0.011567519477358294
HGT3398149.wav	0.021844148411526501
HGT3399345.wav	0.74568110276823196
HGT3400811.wav	0.023121465437741372
HGT3401179.wav	0.18305048974941651
HGT3406210.wav	0.019397385374309951
HGT3415309.wav	0.025010261749023814
HGT3431070.wav	0.025306274154996308
HGT3435878.wav	0.017830646837359
HGT3436377.wav	0.046490568451308938
HGT3436990.wav	0.035098007467121828
HGT3440925.wav	0.031192089853995509
HGT3448291.wav	0.012589018673982447
HGT3452853.wav	0.020195914808374151
HGT3456740.wav	0.021440597676380208
HGT3460757.wav	0.01458322780017784
HGT3462269.wav	0.023962641453279622
HGT3464604.wav	0.026361531617225313
HGT3465719.wav	0.079271171809136939
HGT3473690.wav	0.72969269078770993
HGT3474552.wav	0.053369983007086647
HGT3485288.wav	0.010375742919443381
HGT3495411.wav	0.0189363492523251
HGT3497240.wav	0.020557216190773501
HGT3505457.wav	0.017355524439335423
HGT3511925.wav	0.01327894819657229
HGT3513862.wav	0.029401343208042365
HGT3515050.wav	0.019649157217820883
HGT3517257.wav	0.036322053424025294
HGT3523466.wav	0.065343033183445753
HGT3527498.wav	0.096838478942745262
HGT3536828.wav	0.0167998669621711
HGT3538704.wav	0.64307342111993548
HGT3539248.wav	0.021648829992175492
HGT3540221.wav	0.015600029692668832
HGT3542635.wav	0.010668291627696924
HGT3549618.wav	0.030712187257399055
HGT3556002.wav	0.049302824835322417
HGT3567473.wav	0.018491934587906975
HGT3568523.wav	0.017382631997839564
HGT3570254.wav	0.039081904632323902
HGT3574016.wav	0.64599594450875253
HGT3574449.wav	0.0081904319619634999
HGT3580682.wav	0.69985319141413183
HGT3583747.wav	0.12559565277106299
HGT3585075.wav	0.01165131169951682
HGT3595947.wav	0.87624068362137641
HGT3601206.wav	0.031888743522522016
HGT3601434.wav	0.021661293269511384
HGT3602245.wav	0.039010754437226028
HGT3619375.wav	0.016522563707076148
HGT3622838.wav	0.02777768454782872
HGT3628577.wav	0.78244479791708843
HGT3639227.wav	0.10872511490861779
HGT3639555.wav	0.03258530747911112
HGT3644352.wav	0.62007832535859497
HGT3649716.wav	0.011499147599036141
HGT3650432.wav	0.01714898829333595
HGT3655907.wav	0.74299636028674976
HGT3660877.wav	0.050944116981640697
HGT3666340.wav	0.61315278166907838
HGT3671537.wav	0.56710483472840612
HGT3676324.wav	0.59821545538719911
HGT3680176.wav	0.81110296098638701
HGT3681951.wav	0.64906747967281264
HGT3689856.wav	0.75052610590331303
HGT3699071.wav	0.075880565391268889
HGT3700505.wav	0.56625699659943229
HGT3717430.wav	0.87294708021729628
HGT3727101.wav	0.040194068231345102
HGT3739624.wav	0.14793144799467514
HGT3741126.wav	0.020298468813171634
HGT3754448.wav	0.021728443702868864
HGT3769581.wav	0.0077514476016956662
HGT3773815.wav	0.71995857257576212
HGT3779558.wav	0.0094507564380556606
HGT3785108.wav	0.068543036060803156
HGT3786252.wav	0.016796592839240294
HGT3789962.wav	0.089962451562768692
HGT3791121.wav	0.65871534423775402
HGT3794042.wav	0.040642445275505319
HGT3801545.wav	0.092540510245692195
HGT3827512.wav	0.018369796169517928
HGT3828372.wav	0.01513504251636525
HGT3831178.wav	0.51975223679095683
HGT3833182.wav	0.016027918448663192
HGT3840503.wav	0.044170490712138889
HGT3847607.wav	0.25051645197686462
HGT3851391.wav	0.81102709226659242
HGT3862933.wav	0.011889613398372152
HGT3868400.wav	0.66181454757500435
HGT3869491.wav	0.011981513871100842
HGT3894755.wav	0.66938509177336014
HGT3895213.wav	0.015141799452597868
HGT3896897.wav	0.7265677320029803
HGT3897605.wav	0.035549062466011409
HGT3902823.wav	0.80497519791663508
HGT3909724.wav	0.013608661109649541
HGT3918531.wav	0.19700233753801547
HGT3918668.wav	0.03915646584295613
HGT3920114.wav	0.022200328256957114
HGT3921664.wav	0.022666170223846489
HGT3924178.wav	0.6908080860611594
HGT3926564.wav	0.67891436700036722
HGT3934388.wav	0.5047770095097599
HGT3935546.wav	0.013384177783970228
HGT3935773.wav	0.018660328349251069
HGT3938174.wav	0.019143277395987562
HGT3940137.wav	0.025945929365547935
HGT3944432.wav	0.44791946918830478
HGT3945429.wav	0.62883478328174336
HGT3948897.wav	0.090297966005009001
HGT3952318.wav	0.035443728924957979
HGT3961437.wav	0.026896637871877863
HGT3963360.wav	0.0085903772271623321
HGT3965278.wav	0.017031468733355027
HGT3968573.wav	0.014086878858713923
HGT3978436.wav	0.011061280421048626
HGT3990093.wav	0.74526084335966836
HGT4010201.wav	0.064372139270758105
HGT4012147.wav	0.037705904596349905
HGT4016281.wav	0.52660988479642989
HGT4020142.wav	0.014838687027112983
HGT4029463.wav	0.38731642207636441
HGT4039790.wav	0.017212398030684254
HGT4040880.wav	0.020400699201930276
HGT4044236.wav	0.018337504072259002
HGT4044574.wav	0.67478596538955038
HGT4046518.wav	0.02797656680472629
HGT4058078.wav	0.0084721361771635147
HGT4074442.wav	0.024040726676997502
HGT4077974.wav	0.66080019794735967
HGT4085840.wav	0.014733900594488317
HGT4097542.wav	0.68988547089465124
HGT4106364.wav	0.6465438553900279
HGT4129229.wav	0.024551375412399278
HGT4131824.wav	0.029931049449754235
HGT4131961.wav	0.023065795516460562
HGT4147435.wav	0.027953790476520277
HGT4148745.wav	0.033943666056946632
HGT4155107.wav	0.037947440412917796
HGT4158194.wav	0.016403222197152321
HGT4163607.wav	0.019686891796110693
HGT4170217.wav	0.47872776463811123
HGT4171323.wav	0.013983912496031373
HGT4176172.wav	0.022751620133324667
HGT4181851.wav	0.84247699505588614
HGT4185740.wav	0.014079395860511566
HGT4203596.wav	0.0082617048679186709
HGT4206281.wav	0.023478945822159966
HGT4231091.wav	0.78945199323872861
HGT4231199.wav	0.037769607247561378
HGT4233725.wav	0.70340376078103151
HGT4248704.wav	0.50199215194437119
HGT4250461.wav	0.020946520072823119
HGT4252904.wav	0.021998624067322326
HGT4255081.wav	0.025264071295047975
HGT4257395.wav	0.046263844730208274
HGT4258168.wav	0.020315844084375419
HGT4266838.wav	0.017837958822397616
HGT4268991.wav	0.72601378249722914
HGT4269838.wav	0.72446644423060313
HGT4283671.wav	0.02200669212627436
HGT4287529.wav	0.025133572278346894
HGT4293166.wav	0.0083402771228072176
HGT4295385.wav	0.01403535017077453
HGT4312678.wav	0.71706495793048719
HGT4319705.wav	0.63908323767787201
HGT4327131.wav	0.64483717970286059
HGT4328305.wav	0.028668789286483903
HGT4335113.wav	0.81187160460354779
HGT4341885.wav	0.015378527830961271
HGT4348227.wav	0.05250375844711349
HGT4348472.wav	0.014117515704122967
HGT4354504.wav	0.044876208664149854
HGT4357248.wav	0.038697344215023188
HGT4357493.wav	0.88452490596923528
HGT4359888.wav	0.017984299638413633
HGT4362272.wav	0.019693006768779556
HGT4362653.wav	0.029235612910026628
HGT4363154.wav	0.036549825271845998
HGT4364179.wav	0.68703114636058993
HGT4367861.wav	0.0090122613616175715
HGT4371552.wav	0.023684080264986189
HGT4379986.wav	0.02101216488726591
HGT4400672.wav	0.025003210278211712
HGT4407954.wav	0.69922703833965305
HGT4408157.wav	0.011203957898942244
HGT4409573.wav	0.037891281201368081
HGT4413089.wav	0.066166962420075359
HGT4415806.wav	0.02840412040343621
HGT4419348.wav	0.048634452410079618
HGT4421891.wav	0.023629900304551834
HGT4432318.wav	0.56363477309787535
HGT4448273.wav	0.027448274631576702
HGT4451778.wav	0.014712458623834364
HGT4460785.wav	0.022111022714726678
HGT4463452.wav	0.018098125682946355
HGT4464728.wav	0.012633957590989573
HGT4466130.wav	0.73968443201194689
HGT4474318.wav	0.67383278586437423
HGT4478417.wav	0.022931060673197116
HGT4483727.wav	0.70707788460854926
HGT4484291.wav	0.021159905895987818
HGT4487676.wav	0.021031974230278184
HGT4487870.wav	0.71542702958126236
HGT4488908.wav	0.4945369738811658
HGT4494130.wav	0.019122064231718722
HGT4498658.wav	0.020075118295429354
HGT4499292.wav	0.030336999361157069
HGT4506219.wav	0.11661181464787986
HGT4511855.wav	0.012503930728600942
HGT4512960.wav	0.039616205181034522
HGT4513428.wav	0.68216239232804288
HGT4518964.wav	0.029657932643801361
HGT4524699.wav	0.015221784404168034
HGT4530910.wav	0.81544332395275887
HGT4535789.wav	0.03946231399221739
HGT4537869.wav	0.73738176380493947
HGT4541609.wav	0.013294630317603646
HGT4553818.wav	0.069027145326482353
HGT4553884.wav	0.76446597012226802
HGT4555614.wav	0.035837059745254154
HGT4556684.wav	0.024554488441411396
HGT4557285.wav	0.72259394494033891
HGT4563698.wav	0.022999025376806509
HGT4566173.wav	0.74718583417181617
HGT4574419.wav	0.045521974889463551
HGT4574883.wav	0.69156324777044287
HGT4578181.wav	0.77228397810408234
HGT4579554.wav	0.030628606967594056
HGT4585781.wav	0.029576894151115883
HGT4590974.wav	0.011236431061881217
HGT4595880.wav	0.013257656444716551
HGT4596913.wav	0.02043248722909384
HGT4597413.wav	0.017396632489232334
HGT4598677.wav	0.029243596729657803
HGT4606053.wav	0.4108908329098418
HGT4607022.wav	0.026537830480739918
HGT4615242.wav	0.0246922015830126
HGT4625957.wav	0.030717693086811809
HGT4632734.wav	0.020017604563442981
HGT4636511.wav	0.01175141736982226
HGT4636951.wav	0.043154733499721668
HGT4643493.wav	0.034260312486279559
HGT4645192.wav	0.018823625745507472
HGT4645786.wav	0.022775137724130777
HGT4647967.wav	0.58110797542509529
HGT4649376.wav	0.015488029185185711
HGT4649413.wav	0.032735541288175608
HGT4651135.wav	0.57947858540264541
HGT4655641.wav	0.01507864508351691
HGT4656671.wav	0.016447211080451333
HGT4656765.wav	0.66354632566334748
HGT4659604.wav	0.76599341407414923
HGT4672904.wav	0.021123568089088676
HGT4675933.wav	0.16325409040344244
HGT4687432.wav	0.52570863164452708
HGT4702315.wav	0.13624043998388782
HGT4707439.wav	0.61918868059709808
HGT4721208.wav	0.015499213979449344
HGT4735523.wav	0.79931633049048034
HGT4738385.wav	0.026669972466520579
HGT4743947.wav	0.012339508505262102
HGT4745539.wav	0.056045690376837293
HGT4765971.wav	0.026129944115407783
HGT4771487.wav	0.041423148980015881
HGT4771665.wav	0.049823517447654384
HGT4776942.wav	0.69223758733539487
HGT4784241.wav	0.78373795513539468
HGT4794545.wav	0.018977180671669945
HGT4800563.wav	0.39947881566882343
HGT4800785.wav	0.027912136834883618
HGT4812121.wav	0.87937824185272262
HGT4814755.wav	0.82787693596958745
HGT4816609.wav	0.024370751648922474
HGT4819347.wav	0.084959234136755338
HGT4820233.wav	0.83325608334338575
HGT4834440.wav	0.62687686047757774
HGT4851866.wav	0.031859602256857453
HGT4867237.wav	0.031411107127748784
HGT4867727.wav	0.54736653130797908
HGT4868291.wav	0.039738981129755081
HGT4870550.wav	0.031601944990991324
HGT4873730.wav	0.040542610570368051
HGT4887373.wav	0.4780603866661548
HGT4887584.wav	0.035851700805469934
HGT4901221.wav	0.69261460577749789
HGT4902913.wav	0.019147567000865177
HGT4904384.wav	0.016955573446893961
HGT4919648.wav	0.75056987940769426
HGT4924916.wav	0.44985905516805025
HGT4933078.wav	0.66824031995988176
HGT4937526.wav	0.10709417592022351
HGT4942239.wav	0.027541334120021573
HGT4947161.wav	0.018993273005943046
HGT4957705.wav	0.52590011801262182
HGT4960704.wav	0.019014872902677032
HGT4967205.wav	0.020061914765048264
HGT4969164.wav	0.0583748349040593
HGT4971506.wav	0.013603268014205415
HGT4977676.wav	0.76606844622079773
HGT4987103.wav	0.8519115876113067
HGT4994399.wav	0.53462573004719771
HGT4994492.wav	0.47606434377198609
HGT4996299.wav	0.55683447098996364
HGT5003009.wav	0.016732156924674505
HGT5008315.wav	0.30480916648279055
HGT5011109.wav	0.044391506704152921
HGT5014685.wav	0.028501401985481886
HGT5022413.wav	0.8811624090518454
HGT5023814.wav	0.073243689746299953
HGT5025032.wav	0.068078546578596563
HGT5030501.wav	0.61634829194639018
HGT5031997.wav	0.65862922961346293
HGT5055249.wav	0.12870273911084987
HGT5056851.wav	0.59292190981376491
HGT5061448.wav	0.62869719958769643
HGT5061911.wav	0.022256385975446675
HGT5062221.wav	0.035652282861279354
HGT5062497.wav	0.042367475595799779
HGT5066834.wav	0.026487531442084118
HGT5072908.wav	0.020600404261918576
HGT5072930.wav	0.35802772838459507
HGT5096030.wav	0.014405784630355467
HGT5097841.wav	0.04112700378079686
HGT5098730.wav	0.020701395213853252
HGT5107418.wav	0.33575619650277727
HGT5112344.wav	0.016267350042196732
HGT5119794.wav	0.014023437030380968
HGT5142074.wav	0.75310141483930382
HGT5143808.wav	0.027556479481701687
HGT5144999.wav	0.0236758489974912
HGT5149912.wav	0.0096560520356872952
HGT5152227.wav	0.021340025636279479
HGT5152684.wav	0.074721733996154435
HGT5152715.wav	0.015302373366849342
HGT5155355.wav	0.023700656806919747
HGT5155531.wav	0.042925553163769954
HGT5155662.wav	0.018172386112283414
HGT5160416.wav	0.045923259813697125
HGT5161368.wav	0.019181711362951683
HGT5168320.wav	0.017709481853096509
HGT5171077.wav	0.062509694622737033
HGT5172649.wav	0.53104990106704619
HGT5185699.wav	0.01326075326786577
HGT5188122.wav	0.012652312343096769
HGT5189872.wav	0.83328907122834339
HGT5192775.wav	0.021781101469472312
HGT5193538.wav	0.044369032262690823
HGT5200869.wav	0.01089127575800319
HGT5216934.wav	0.68592781411490544
HGT5219218.wav	0.011408475455644907
HGT5222849.wav	0.85467140562935873
HGT5224261.wav	0.0079429171646395545
HGT5226528.wav	0.71420982432158442
HGT5235139.wav	0.0375754292085064
HGT5235981.wav	0.029711956888068769
HGT5239822.wav	0.065355409109300142
HGT5259499.wav	0.018410348808667557
HGT5269662.wav	0.017859321799205619
HGT5272056.wav	0.14069771902131639
HGT5273165.wav	0.61895715753850267
HGT5274322.wav	0.65065129166404712
HGT5277934.wav	0.020772692840554177
HGT5279554.wav	0.045196134424638927
HGT5286072.wav	0.060815153545647031
HGT5290584.wav	0.024845094381207383
HGT5295483.wav	0.013857984172384985
HGT5299505.wav	0.65274129501635025
HGT5324860.wav	0.75058757949335864
HGT5329940.wav	0.053140373790901058
HGT5331462.wav	0.027599104287439863
HGT5348190.wav	0.66875041124103551
HGT5348464.wav	0.014670511212974883
HGT5349219.wav	0.024303151619055011
HGT5360617.wav	0.24460751037016421
HGT5367005.wav	0.013954461561175937
HGT5367691.wav	0.0090636157055408537
HGT5380576.wav	0.049214205286904886
HGT5382338.wav	0.020311230893334458
HGT5383791.wav	0.014180967892657223
HGT5388032.wav	0.02781538241308755
HGT5394218.wav	0.020636035846734534
HGT5400028.wav	0.060180540557552509
HGT5401654.wav	0.015905017191090515
HGT5413403.wav	0.049438317053184785
HGT5413889.wav	0.042855554890596358
HGT5415636.wav	0.018714817551208969
HGT5417090.wav	0.014772883194628213
HGT5419490.wav	0.14721982848284532
HGT5428111.wav	0.04774573498230094
HGT5445984.wav	0.011760352423428674
HGT5450720.wav	0.6901761394279794
HGT5452004.wav	0.017654085681643557
HGT5455149.wav	0.038577706697113419
HGT5457182.wav	0.021520913142353298
HGT5457671.wav	0.052982877132051936
HGT5458405.wav	0.040777109437686532
HGT5462084.wav	0.011769846746429143
HGT5472158.wav	0.021454950697870206
HGT5477822.wav	0.20717422961279819
HGT5486117.wav	0.022866460581964621
HGT5487480.wav	0.032822020979906275
HGT5501911.wav	0.013000201755232052
HGT5505800.wav	0.021570578591930428
HGT5506871.wav	0.011291562076956736
HGT5507636.wav	0.053356916703923389
HGT5510046.wav	0.017197416449136291
HGT5525423.wav	0.77940728423128403
HGT5554447.wav	0.041824687078374799
HGT5554698.wav	0.014980818138047185
HGT5566719.wav	0.60565263827649918
HGT5572960.wav	0.54097761611453599
HGT5577536.wav	0.047656237751734158
HGT5578806.wav	0.10450040743859365
HGT5596316.wav	0.034039194318812242
HGT5597873.wav	0.24734129265885688
HGT5606038.wav	0.01346295403367577
HGT5618928.wav	0.02387304695697641
HGT5619842.wav	0.01927841821997172
HGT5619882.wav	0.60292043259422312
HGT5620966.wav	0.020427241981352887
HGT5629035.wav	0.73907975014587191
HGT5635220.wav	0.016885551370377325
HGT5642902.wav	0.029005570087374664
HGT5644915.wav	0.018006837344831595
HGT5648546.wav	0.015900379039275568
HGT5668263.wav	0.026177161318094399
HGT5672429.wav	0.015702964320673734
HGT5678702.wav	0.013937708105844672
HGT5688537.wav	0.7186006670326649
HGT5699970.wav	0.092955964872052821
HGT5703626.wav	0.054472400425221973
HGT5706382.wav	0.022034986743246481
HGT5709534.wav	0.0094278911657952082
HGT5719836.wav	0.019234254531368924
HGT5735396.wav	0.011721352080386592
HGT5755829.wav	0.53366599680969018
HGT5758569.wav	0.019317110825476561
HGT5762016.wav	0.015674538881397689
HGT5763460.wav	0.68391875477615716
HGT5770091.wav	0.032982824702872629
HGT5773238.wav	0.4131202461070535
HGT5775471.wav	0.52948975617432337
HGT5783528.wav	0.03784323653366696
HGT5798234.wav	0.01620536425677091
HGT5805205.wav	0.55008159880979857
HGT5809698.wav	0.024149798567443051
HGT5812704.wav	0.021770504466077863
HGT5817671.wav	0.25095117747752443
HGT5819780.wav	0.65981110601223925
HGT5823944.wav	0.028822345576960541
HGT5824885.wav	0.014423990532930078
HGT5838555.wav	0.86219539526117406
HGT5846415.wav	0.7478225990153291
HGT5848636.wav	0.015660600460795076
HGT5858138.wav	0.76288792546712125
HGT5860519.wav	0.57719664885987776
HGT5861689.wav	0.01654128381164395
HGT5864950.wav	0.8321988508402941
HGT5868850.wav	0.037904757409479684
HGT5878611.wav	0.023877843482205501
HGT5882557.wav	0.024045845935309559
HGT5885104.wav	0.012802944355688042
HGT5891634.wav	0.015281658919544088
HGT5894080.wav	0.013887374181144291
HGT5895558.wav	0.019654227023800302
HGT5896621.wav	0.60984067440883405
HGT5897706.wav	0.78192066142466299
HGT5900125.wav	0.69902443447998042
HGT5905113.wav	0.084748731488205234
HGT5906443.wav	0.029070576219991741
HGT5906676.wav	0.66543305811499076
HGT5906936.wav	0.012930031665837559
HGT5934010.wav	0.50109655340369186
HGT5936025.wav	0.036152931845174284
HGT5937107.wav	0.27829807277264879
HGT5950564.wav	0.37728558183136107
HGT5954057.wav	0.023481861088612103
HGT5958709.wav	0.85167139294141037
HGT5966651.wav	0.76162085150655301
HGT5967225.wav	0.73657828847687434
HGT5969357.wav	0.66925149821642793
HGT5973204.wav	0.011411185657310294
HGT5976205.wav	0.024551599379906055
HGT5977525.wav	0.012175791849942341
HGT5984706.wav	0.055515841367542756
HGT5990446.wav	0.013824086168415206
HGT5991352.wav	0.024620684086512763
HGT5999972.wav	0.01181346795677816
HGT6011857.wav	0.021441941336907279
HGT6018967.wav	0.054852085561395793
HGT6021230.wav	0.7076632906427176
HGT6031984.wav	0.019918618800201966
HGT6033210.wav	0.015672934838881925
HGT6042262.wav	0.70834533444139514
HGT6065251.wav	0.017911569908544613
HGT6067802.wav	0.03306519115230367
HGT6077853.wav	0.028839991304533279
HGT6078216.wav	0.011917622174660037
HGT6079573.wav	0.32764815743683484
HGT6082552.wav	0.023638630513688284
HGT6083371.wav	0.74654488462763657
HGT6086844.wav	0.077794816298593458
HGT6089463.wav	0.33237645224386608
HGT6091112.wav	0.047585653178688896
HGT6098966.wav	0.012842930494532223
HGT6108672.wav	0.67719033315274713
HGT6110038.wav	0.027656385123101899
HGT6113776.wav	0.76944044300770564
HGT6115166.wav	0.80449476400425801
HGT6124552.wav	0.018655639669436386
HGT6129672.wav	0.64112131097487723
HGT6144802.wav	0.76195309657646915
HGT6154091.wav	0.019355779966105879
HGT6155076.wav	0.042457584614237431
HGT6157747.wav	0.67955801826727891
HGT6157969.wav	0.017415826666011814
HGT6170381.wav	0.022680257172669523
HGT6176814.wav	0.01352801630310633
HGT6177691.wav	0.013432991425013361
HGT6185339.wav	0.012738523160154582
HGT6188012.wav	0.013793941913305
HGT6193876.wav	0.78945655894474576
HGT6197330.wav	0.014567694917607179
HGT6204897.wav	0.073255184373781576
HGT6210591.wav	0.021536992327637283
HGT6221489.wav	0.12578414488996861
HGT6221562.wav	0.016143711829404512
HGT6229223.wav	0.014619914584333867
HGT6235320.wav	0.10801919624371735
HGT6238106.wav	0.011368392572714927
HGT6244711.wav	0.050970702140390005
HGT6248777.wav	0.78399672910009022
HGT6249570.wav	0.016564770149980309
HGT6257695.wav	0.017115792017622943
HGT6267090.wav	0.023142162504681967
HGT6275367.wav	0.033368626017349516
HGT6279504.wav	0.023051697997801213
HGT6283709.wav	0.77859229313176959
HGT6294540.wav	0.030372702366486724
HGT6305976.wav	0.0099667718772688818
HGT6306273.wav	0.025285456837874847
HGT6306881.wav	0.014953109492684627
HGT6310473.wav	0.74923232555881691
HGT6310576.wav	0.52627077571518743
HGT6323737.wav	0.027905900310316829
HGT6328440.wav	0.015911127930661184
HGT6342991.wav	0.50573569317421374
HGT6343394.wav	0.013386904722675315
HGT6360064.wav	0.024753206674589877
HGT6363382.wav	0.69481739146618815
HGT6364214.wav	0.45965711105168078
HGT6378727.wav	0.014623957474997154
HGT6384183.wav	0.076283535681453865
HGT6387921.wav	0.011800507715294627
HGT6391541.wav	0.089731412844351835
HGT6398258.wav	0.062691572181237221
HGT6398432.wav	0.40238885600513508
HGT6412795.wav	0.017031385851020483
HGT6419286.wav	0.64010925544365882
HGT6436956.wav	0.0137934968535564
HGT6438104.wav	0.020239814029069398
HGT6444648.wav	0.016741654838488579
HGT6446738.wav	0.73225215679582778
HGT6451177.wav	0.018829649838146147
HGT6454709.wav	0.67147363103978297
HGT6461337.wav	0.035140863850006719
HGT6463798.wav	0.039753627318661347
HGT6467893.wav	0.030907233630465155
HGT6468475.wav	0.59869519998537712
HGT6475297.wav	0.019112569089119236
HGT6476180.wav	0.098036035330368448
HGT6485034.wav	0.49368825506264652
HGT6490768.wav	0.03426464108621765
HGT6491628.wav	0.0112311153571719
HGT6491882.wav	0.024380504069903677
HGT6492180.wav	0.018452409609918181
HGT6502865.wav	0.04482396478370497
HGT6502974.wav	0.013966668953178791
HGT6506318.wav	0.033630980521418302
HGT6510332.wav	0.014416479326658946
HGT6512664.wav	0.020037401442507159
HGT6516387.wav	0.01968432393183088
HGT6521356.wav	0.024686360980399225
HGT6523311.wav	0.017321927147968812
HGT6557480.wav	0.60977745451477849
HGT6558365.wav	0.22862407939872387
HGT6569943.wav	0.6122528073476321
HGT6578134.wav	0.75589473840718446
HGT6583567.wav	0.014910521898352175
HGT6584628.wav	0.018029165023344795
HGT6585228.wav	0.013644716479957068
HGT6595483.wav	0.38643326454510474
HGT6604385.wav	0.018360890397934735
HGT6605390.wav	0.013219781578269679
HGT6606284.wav	0.030757518234013917
HGT6610383.wav	0.023257943845222423
HGT6613119.wav	0.77565956837830141
HGT6620768.wav	0.019202079387147675
HGT6624314.wav	0.019601033427974639
HGT6635409.wav	0.041531295817882986
HGT6637430.wav	0.33123676801101753
HGT6640705.wav	0.76442229737296585
HGT6651515.wav	0.014859203597589882
HGT6651744.wav	0.60380371839614511
HGT6670327.wav	0.099289416915005035
HGT6676871.wav	0.049239232271845283
HGT6686872.wav	0.018458227714399845
HGT6686958.wav	0.013988608756508538
HGT6687887.wav	0.024865473022843049
HGT6697637.wav	0.08356078143378376
HGT6698535.wav	0.060415202161063858
HGT6711303.wav	0.86921575129321149
HGT6725284.wav	0.01357089702571055
HGT6727201.wav	0.02052894072798828
HGT6748267.wav	0.015864016562916947
HGT6763740.wav	0.019878697470896385
HGT6765414.wav	0.61290667920516062
HGT6766831.wav	0.02179580456138934
HGT6773317.wav	0.050998254480524814
HGT6779702.wav	0.03260659772552487
HGT6780397.wav	0.023294568029134443
HGT6785919.wav	0.023076165623838813
HGT6790865.wav	0.52412539006045811
HGT6798296.wav	0.012256872976976946
HGT6804139.wav	0.53993219351883359
HGT6819591.wav	0.53998399647809425
HGT6832718.wav	0.01087368814747929
HGT6833559.wav	0.072160678812750706
HGT6835300.wav	0.62770641876562761
HGT6842306.wav	0.043923411748632048
HGT6843266.wav	0.02875774024335338
HGT6858462.wav	0.82697984777134614
HGT6868113.wav	0.013992664290515473
HGT6869941.wav	0.08594022616621487
HGT6871563.wav	0.043410651073833337
HGT6884008.wav	0.83757256965350879
HGT6894247.wav	0.040534492577425155
HGT6908742.wav	0.35767792977402429
HGT6912838.wav	0.017376710859487606
HGT6917321.wav	0.015723730278602549
HGT6917840.wav	0.021034534566088208
HGT6920025.wav	0.022707125161523459
HGT6921450.wav	0.034950610894897156
HGT6925781.wav	0.019979746611861401
HGT6933227.wav	0.016376962537988229
HGT6944085.wav	0.02913642210128491
HGT6952576.wav	0.073635904140812128
HGT6962074.wav	0.028639817528086649
HGT6962233.wav	0.019342397431500277
HGT6964376.wav	0.029369846107801068
HGT6974328.wav	0.84399179822334525
HGT6979443.wav	0.47385866382598524
HGT6985090.wav	0.12607203415576396
HGT6988916.wav	0.019630039495249323
HGT7000911.wav	0.024890234690275539
HGT7010879.wav	0.48546021378932991
HGT7011552.wav	0.022921106031234019
HGT7014008.wav	0.63508391533006403
HGT7014272.wav	0.14901210490564501
HGT7019558.wav	0.022735079325690591
HGT7020861.wav	0.0894558560901971
HGT7025364.wav	0.040417998218878613
HGT7030347.wav	0.011463418269168166
HGT7048059.wav	0.01957370321463563
HGT7051739.wav	0.017614259277037275
HGT7054178.wav	0.018516718109234203
HGT7055191.wav	0.52496055657588181
HGT7055883.wav	0.01805175123802839
HGT7056492.wav	0.047764689307233106
HGT7070170.wav	0.018620856393070994
HGT7074071.wav	0.77560535422547716
HGT7090973.wav	0.67569314527057023
HGT7094439.wav	0.041037176201064111
HGT7095045.wav	0.01079849580831378
HGT7098716.wav	0.68864186674107319
HGT7101683.wav	0.49728478404176069
HGT7102198.wav	0.76483364625855677
HGT7102508.wav	0.43928536803104251
HGT7104577.wav	0.021178572581317653
HGT7104652.wav	0.017869798937885473
HGT7110667.wav	0.79543954512774739
HGT7111769.wav	0.55180791666650697
HGT7117871.wav	0.035208093825780239
HGT7123206.wav	0.018108458046914893
HGT7125999.wav	0.030403072192782706
HGT7137099.wav	0.097110917617014875
HGT7141313.wav	0.83072757218494286
HGT7150042.wav	0.018814783361106986
HGT7155218.wav	0.017336024438998711
HGT7163949.wav	0.013615830065949954
HGT7170472.wav	0.048751925707562066
HGT7170950.wav	0.020467808991996638
HGT7178469.wav	0.03804752935359243
HGT7181929.wav	0.67680763177484971
HGT7183984.wav	0.01601568528250321
HGT7186919.wav	0.047217270337584411
HGT7187914.wav	0.028119992484681913
HGT7197873.wav	0.79227550871348651
HGT7202220.wav	0.016673116406089084
HGT7203002.wav	0.62504432891239115
HGT7207048.wav	0.020876427050081511
HGT7211696.wav	0.027503424681649374
HGT7220788.wav	0.015973627716389195
HGT7221911.wav	0.61513928602632217
HGT7226415.wav	0.017528051955480864
HGT7235146.wav	0.049862972400082847
HGT7238980.wav	0.12751619780625878
HGT7240110.wav	0.044506362804110369
HGT7244504.wav	0.038114114456632479
HGT7244530.wav	0.014278770178146667
HGT7244590.wav	0.050178200103881493
HGT7255830.wav	0.57746051356972239
HGT7258027.wav	0.007042765220510323
HGT7259963.wav	0.024474289456503286
HGT7274608.wav	0.013412967414583485
HGT7274827.wav	0.030246060869808238
HGT7278640.wav	0.55625697262535689
HGT7292081.wav	0.77355953471245475
HGT7294946.wav	0.023355551663540884
HGT7295430.wav	0.86215145406595528
HGT7295984.wav	0.0289738125055879
HGT7296365.wav	0.019134503806691593
HGT7317804.wav	0.071179290534748613
HGT7323816.wav	0.021645412856797854
HGT7324056.wav	0.055813910225834346
HGT7346462.wav	0.05392437184811405
HGT7353263.wav	0.0428195528799254
HGT7356729.wav	0.14687210428696515
HGT7370804.wav	0.034161226818470641
HGT7380727.wav	0.014705582610348706
HGT7391582.wav	0.83431599156357539
HGT7391691.wav	0.030702661338928339
HGT7400775.wav	0.029550646897647428
HGT7411727.wav	0.89245085428404625
HGT7418029.wav	0.053652735295387263
HGT7431985.wav	0.01449984793032107
HGT7432009.wav	0.038044196858857904
HGT7436561.wav	0.46434126372446138
HGT7436904.wav	0.71563856258164249
HGT7449847.wav	0.024098349936320606
HGT7457101.wav	0.81215265006510606
HGT7467823.wav	0.031466060971717252
HGT7468512.wav	0.015424738287993123
HGT7472068.wav	0.030762189286004066
HGT7476370.wav	0.010874907306279815
HGT7479697.wav	0.049401432912652497
HGT7483911.wav	0.63712174198466098
HGT7493551.wav	0.68729131836276713
HGT7505991.wav	0.026558701343712951
HGT7518343.wav	0.019355241642789272
HGT7522695.wav	0.015986638448321024
HGT7529963.wav	0.015708197128785552
HGT7537657.wav	0.51979694810028121
HGT7541524.wav	0.50778243757030483
HGT7550920.wav	0.01977308391807283
HGT7554690.wav	0.035755551181178812
HGT7562050.wav	0.71239688978692806
HGT7563849.wav	0.57305361971690694
HGT7567900.wav	0.027726104203740762
HGT7572974.wav	0.039206100655402705
HGT7574738.wav	0.84586766017974646
HGT7593601.wav	0.018822781557262344
HGT7597869.wav	0.79211622821131544
HGT7605144.wav	0.012483639204820745
HGT7605885.wav	0.015795583706415831
HGT7608466.wav	0.012563946164777812
HGT7609375.wav	0.69055688480630029
HGT7616727.wav	0.55034657829797018
HGT7633696.wav	0.034839257218087394
HGT7633929.wav	0.0222318034685654
HGT7643219.wav	0.025766499876864732
HGT7652346.wav	0.71181728172976966
HGT7655025.wav	0.013682674967548316
HGT7656790.wav	0.043712867473284039
HGT7657012.wav	0.043617872087643748
HGT7668985.wav	0.0254862653056868
HGT7673904.wav	0.62195373088751993
HGT7677830.wav	0.56591018245164471
HGT7695449.wav	0.13122865307832879
HGT7702803.wav	0.028746829355256978
HGT7703122.wav	0.0097754388571273439
HGT7704170.wav	0.022348606728817073
HGT7707828.wav	0.013627672026553303
HGT7708811.wav	0.013870127162972729
HGT7709527.wav	0.68175681839874269
HGT7714321.wav	0.037254031870296564
HGT7719981.wav	0.019468588733220771
HGT7732196.wav	0.76624577549727846
HGT7735831.wav	0.03208731556680032
HGT7760020.wav	0.022087337476269023
HGT7761686.wav	0.72435056103534035
HGT7764509.wav	0.78938138345754649
HGT7773771.wav	0.033358964033403465
HGT7776733.wav	0.019304775872669839
HGT7783010.wav	0.034691136692104718
HGT7783037.wav	0.043334152868150566
HGT7784059.wav	0.010435225652659244
HGT7793376.wav	0.029007562462745606
HGT7797264.wav	0.63868174189542515
HGT7800347.wav	0.01892139092349035
HGT7804553.wav	0.032281566224595853
HGT7813145.wav	0.8324205995587951
HGT7824018.wav	0.20399110222596387
HGT7831340.wav	0.015904725681514846
HGT7848297.wav	0.015777963535500397
HGT7854533.wav	0.017824440452107185
HGT7867243.wav	0.14932534113787385
HGT7874121.wav	0.014541649494295436
HGT7881286.wav	0.01598705447860101
HGT7882366.wav	0.014216832078103885
HGT7888082.wav	0.031075170545721471
HGT7893209.wav	0.45440827491490582
HGT7894735.wav	0.095777669398720511
HGT7900363.wav	0.015768107485979246
HGT7902806.wav	0.030344774019733612
HGT7905217.wav	0.030296072688328873
HGT7905880.wav	0.022807428320825739
HGT7911884.wav	0.016153939617269974
HGT7923136.wav	0.030617635290005048
HGT7940784.wav	0.056503093703371823
HGT7952678.wav	0.024413860840689
HGT7954747.wav	0.044694438175077664
HGT7957419.wav	0.1508625395358259
HGT7958536.wav	0.01724559205421836
HGT7959043.wav	0.036953086169581172
HGT7973598.wav	0.016048337136816079
HGT7974840.wav	0.024142951949153304
HGT7979805.wav	0.010194403104693515
HGT7995307.wav	0.71171972824771079
HGT7997224.wav	0.010898431141097753
HGT7997604.wav	0.014281341387363406
HGT7998282.wav	0.028660599943483595
HGT8001959.wav	0.27426247439943791
HGT8004506.wav	0.0084189705939982321
HGT8004864.wav	0.067042923618964939
HGT8033305.wav	0.38888822362581821
HGT8042462.wav	0.019032722395229639
HGT8047799.wav	0.32825927522410669
HGT8057223.wav	0.018937453452771248
HGT8057320.wav	0.63392843423742495
HGT8057663.wav	0.050565444327654273
HGT8078735.wav	0.019456580923335687
HGT8080749.wav	0.44091521498876612
HGT8081178.wav	0.022814795241263269
HGT8081972.wav	0.021402293667469683
HGT8088693.wav	0.023161129122872739
HGT8097577.wav	0.012614334133293281
HGT8105093.wav	0.025230306264473597
HGT8106164.wav	0.01872149992005483
HGT8107144.wav	0.43487787307257175
HGT8119936.wav	0.014482567069179924
HGT8121843.wav	0.027109656478970779
HGT8131128.wav	0.014527940384664704
HGT8133737.wav	0.014237322059545428
HGT8134280.wav	0.023465598875998292
HGT8140215.wav	0.67859148708664452
HGT8150911.wav	0.018210759482367868
HGT8171018.wav	0.61944850281101715
HGT8172521.wav	0.74581496255536617
HGT8179310.wav	0.61311335863537164
HGT8180390.wav	0.041610064696304315
HGT8181058.wav	0.63841032508386664
HGT8184380.wav	0.044389826647404172
HGT8187417.wav	0.037422188233103684
HGT8192440.wav	0.58964623971225827
HGT8195307.wav	0.021276212699268604
HGT8200165.wav	0.014415372456065615
HGT8210796.wav	0.011003312376493084
HGT8225119.wav	0.017537793907851068
HGT8229545.wav	0.65561240944943
HGT8233754.wav	0.015718307048075565
HGT8235069.wav	0.020457337193395406
HGT8241380.wav	0.010574671792675105
HGT8245988.wav	0.014286767592004248
HGT8247249.wav	0.043562903033367843
HGT8251715.wav	0.021245836731602401
HGT8251996.wav	0.024842439549927077
HGT8266488.wav	0.017308373484842935
HGT8274343.wav	0.024530888854444263
HGT8277441.wav	0.027915956125008995
HGT8287766.wav	0.026178779865297624
HGT8308987.wav	0.014374682058817312
HGT8318511.wav	0.023386891769105536
HGT8327973.wav	0.68488925181308891
HGT8328419.wav	0.026276515087846401
HGT8336250.wav	0.10760441753752492
HGT8340643.wav	0.022725558949310248
HGT8342679.wav	0.015075610343009098
HGT8343814.wav	0.022385943953212625
HGT8345105.wav	0.026946827446221185
HGT8360436.wav	0.013326858777808193
HGT8366568.wav	0.66902943015544902
HGT8367719.wav	0.0563280284570781
HGT8394391.wav	0.78911062032686941
HGT8398614.wav	0.04900659336869341
HGT8399343.wav	0.87519247215388885
HGT8400409.wav	0.86048012755334424
HGT8402133.wav	0.78157447399741775
HGT8421917.wav	0.13809082252038754
HGT8423680.wav	0.093466971910839872
HGT8424839.wav	0.026806486118360954
HGT8426268.wav	0.027471463787352518
HGT8430622.wav	0.082833075917930404
HGT8431737.wav	0.53489907566590811
HGT8432577.wav	0.025636248068533412
HGT8439527.wav	0.019632101489523122
HGT8451350.wav	0.02262782845404198
HGT8460571.wav	0.016653553432511948
HGT8460585.wav	0.68866757937599998
HGT8460872.wav	0.039864019858800115
HGT8465485.wav	0.019516076020714535
HGT8471434.wav	0.067008467894578275
HGT8477249.wav	0.029178608547203458
HGT8479833.wav	0.64382872291514182
HGT8481251.wav	0.056615790929161837
HGT8483579.wav	0.056923919912296506
HGT8492748.wav	0.77407301361537384
HGT8512650.wav	0.011506473779751079
HGT8513824.wav	0.702539130289762
HGT8527879.wav	0.027917578534769848
HGT8530369.wav	0.016152195098286311
HGT8533615.wav	0.017312904541264631
HGT8535477.wav	0.014607317516659609
HGT8535596.wav	0.020235858764865233
HGT8543580.wav	0.03742141619007374
HGT8544897.wav	0.015541834709944625
HGT8549583.wav	0.074619892073246027
HGT8552242.wav	0.67937355296569457
HGT8552553.wav	0.33337003907698115
HGT8553710.wav	0.013377780949021076
HGT8554042.wav	0.6488107134721367
HGT8560592.wav	0.51002439462457183
HGT8561212.wav	0.5150746548372882
HGT8561581.wav	0.10585365909162349
HGT8566724.wav	0.14415821452638883
HGT8567981.wav	0.028687543492567687
HGT8576868.wav	0.034497874880282817
HGT8585361.wav	0.012797276154326137
HGT8585653.wav	0.0097513844762731304
HGT8588733.wav	0.61401821075282204
HGT8600778.wav	0.040298229259513034
HGT8610007.wav	0.78820627043767921
HGT8624781.wav	0.017142664338810808
HGT8628182.wav	0.01257906688282366
HGT8633161.wav	0.72735733437989902
HGT8647737.wav	0.66640694754614827
HGT8649435.wav	0.71202264890770284
HGT8652637.wav	0.030517363965167008
HGT8663245.wav	0.037465860064107626
HGT8666984.wav	0.61110733376635074
HGT8667196.wav	0.018071974281019556
HGT8673879.wav	0.027102260478252396
HGT8674537.wav	0.024937843190147559
HGT8701426.wav	0.011908253796691899
HGT8707294.wav	0.016078208146283673
HGT8717585.wav	0.83161204924695709
HGT8722444.wav	0.024603717040002675
HGT8727203.wav	0.019259536305360481
HGT8738073.wav	0.013496251801908454
HGT8739703.wav	0.030140201549364979
HGT8745784.wav	0.53090635317361856
HGT8748094.wav	0.012687885664573873
HGT8772819.wav	0.5392912247502375
HGT8772901.wav	0.023011316072822433
HGT8773288.wav	0.75964946675370393
HGT8780886.wav	0.084753506985073779
HGT8790947.wav	0.022139058188689147
HGT8792062.wav	0.020234984986898394
HGT8794601.wav	0.027290632724440933
HGT8797058.wav	0.016093255268574358
HGT8806667.wav	0.019588132913258269
HGT8818760.wav	0.03499571506307194
HGT8825010.wav	0.020461351190518694
HGT8831452.wav	0.021978914962239093
HGT8841527.wav	0.018321635789827984
HGT8846118.wav	0.026666056029079975
HGT8847452.wav	0.75200253723105681
HGT8850094.wav	0.016280651450011386
HGT8852055.wav	0.679289582332126
HGT8852670.wav	0.028318066354443668
HGT8854523.wav	0.73932697269257641
HGT8860621.wav	0.026402637577762362
HGT8862972.wav	0.028406735576485848
HGT8870775.wav	0.02965860233503842
HGT8871709.wav	0.020233154409279645
HGT8872629.wav	0.02819508533043855
HGT8876052.wav	0.13668788594066972
HGT8878334.wav	0.020916446433119323
HGT8882459.wav	0.02753231771645534
HGT8885009.wav	0.72258075781695796
HGT8894852.wav	0.021943173263275145
HGT8899620.wav	0.76469653960773609
HGT8901873.wav	0.014287129488433938
HGT8905285.wav	0.26442128450040786
HGT8911023.wav	0.012348717404938842
HGT8915986.wav	0.033695105601185008
HGT8928439.wav	0.01904881703104222
HGT8929420.wav	0.017204057822525327
HGT8931161.wav	0.62111007588129397
HGT8935908.wav	0.012166091479541934
HGT8938157.wav	0.026196461127328409
HGT8947090.wav	0.022615010116667278
HGT8950283.wav	0.028356430886596527
HGT8956278.wav	0.11201918263393533
HGT8956413.wav	0.77307684398383836
HGT8960478.wav	0.7076966083034959
HGT8963777.wav	0.65042977075954267
HGT8969473.wav	0.019013655649171405
HGT8977595.wav	0.83404199585245509
HGT8981582.wav	0.21603890767081008
HGT8982069.wav	0.016211053342601488
HGT8989753.wav	0.028559289393295779
HGT9001103.wav	0.023819670842448879
HGT9004438.wav	0.010040239528812571
HGT9009429.wav	0.029950237574460185
HGT9019436.wav	0.27466179931556323
HGT9023302.wav	0.021864870144569781
HGT9023400.wav	0.54278119994431773
HGT9030750.wav	0.023643833012629779
HGT9030862.wav	0.76009388812403522
HGT9032390.wav	0.02835165228663342
HGT9033474.wav	0.043037386263843923
HGT9035898.wav	0.020838533513505175
HGT9037106.wav	0.017994361409524824
HGT9038980.wav	0.05889124176606076
HGT9040162.wav	0.012310850824948765
HGT9042146.wav	0.02322589315251939
HGT9044634.wav	0.022254498520322793
HGT9055480.wav	0.058201023502616141
HGT9057189.wav	0.61133282545343282
HGT9065815.wav	0.038590026898533143
HGT9073944.wav	0.029504197113102853
HGT9076806.wav	0.015422660674676437
HGT9081224.wav	0.70852769413721051
HGT9103685.wav	0.029114647359777538
HGT9109273.wav	0.62854580465322463
HGT9111665.wav	0.52026680951010074
HGT9112410.wav	0.015111612456555682
HGT9126800.wav	0.40581988737020741
HGT9127030.wav	0.021539924068360913
HGT9127376.wav	0.023160392634835665
HGT9138238.wav	0.014959108137188782
HGT9143898.wav	0.060336215059664335
HGT9149217.wav	0.032489778552254281
HGT9156338.wav	0.026926062949960413
HGT9160883.wav	0.040404028074927739
HGT9183019.wav	0.61825568508127116
HGT9186049.wav	0.025861719754645605
HGT9197601.wav	0.02314427837809236
HGT9199049.wav	0.65563642716138115
HGT9203471.wav	0.020677386331722867
HGT9208103.wav	0.027009070633017027
HGT9208667.wav	0.029523876307308027
HGT9210945.wav	0.72439674397320697
HGT9211087.wav	0.63384102895887995
HGT9216376.wav	0.02235757157761668
HGT9220523.wav	0.026222081930472523
HGT9236379.wav	0.46347267398113423
HGT9245952.wav	0.032707885273612215
HGT9248942.wav	0.01538073781908509
HGT9256093.wav	0.012489902657136414
HGT9261905.wav	0.53428690050108019
HGT9266473.wav	0.62863626376453707
HGT9266759.wav	0.023234900171679264
HGT9277287.wav	0.71683106855308831
HGT9281737.wav	0.026178915522155437
HGT9289676.wav	0.023952220663501663
HGT9292356.wav	0.022849751643938421
HGT9296609.wav	0.17294374722597985
HGT9307838.wav	0.017694411802283164
HGT9312370.wav	0.016084545480428283
HGT9317398.wav	0.017413709187405074
HGT9328360.wav	0.028028773088804186
HGT9338725.wav	0.65415088756506934
HGT9340083.wav	0.015217722262456723
HGT9356407.wav	0.024983830496811875
HGT9356813.wav	0.54109506575437083
HGT9359191.wav	0.015404302479215178
HGT9368180.wav	0.62175207601143445
HGT9371099.wav	0.023811262290660402
HGT9371548.wav	0.017846010979238571
HGT9372834.wav	0.013091587495121479
HGT9386027.wav	0.69923393199163186
HGT9388435.wav	0.031173087742618323
HGT9400516.wav	0.019545789943791671
HGT9408781.wav	0.073188035108605595
HGT9413823.wav	0.62051822147942515
HGT9417641.wav	0.46444376527225539
HGT9426900.wav	0.01677790222586234
HGT9428153.wav	0.082244596524220309
HGT9434717.wav	0.80980721287035351
HGT9449638.wav	0.014100514537562324
HGT9461922.wav	0.7779656975858249
HGT9468550.wav	0.68426625221394022
HGT9474656.wav	0.028094612079781225
HGT9474676.wav	0.021978622925470793
HGT9476049.wav	0.73218140689135824
HGT9478873.wav	0.6647709639252094
HGT9480218.wav	0.019475461289829857
HGT9483055.wav	0.024603607525121501
HGT9483530.wav	0.027185291313269598
HGT9488292.wav	0.64315493563538728
HGT9492488.wav	0.095203617191159162
HGT9494308.wav	0.013971078471418135
HGT9505444.wav	0.65676899318666837
HGT9514111.wav	0.0421192784743082
HGT9525773.wav	0.84845471778646797
HGT9526322.wav	0.023338706951379282
HGT9533336.wav	0.024697081434848112
HGT9544660.wav	0.017280637776087539
HGT9549589.wav	0.77510362054385606
HGT9550181.wav	0.76893002677021605
HGT9555733.wav	0.031898156720725865
HGT9557503.wav	0.60682480734851618
HGT9564588.wav	0.021040893544386787
HGT9571159.wav	0.79774667202873562
HGT9581117.wav	0.010319755950919354
HGT9597371.wav	0.037162095865690928
HGT9600442.wav	0.034546222780153304
HGT9603506.wav	0.013776964451006308
HGT9627789.wav	0.037462593390600284
HGT9631485.wav	0.019414308750865378
HGT9633216.wav	0.64333009738433267
HGT9637448.wav	0.76579267026660769
HGT9638734.wav	0.0077847477548273342
HGT9641757.wav	0.020484779221473456
HGT9642441.wav	0.018980238630595232
HGT9643725.wav	0.021965424060820988
HGT9643744.wav	0.52713774382166267
HGT9644138.wav	0.0060270971169640968
HGT9679416.wav	0.011781236080082963
HGT9685045.wav	0.01824521182804863
HGT9685140.wav	0.45094665563942254
HGT9687291.wav	0.025652122340501703
HGT9688502.wav	0.0080081571169906361
HGT9689193.wav	0.87671243848792335
HGT9692474.wav	0.022685277696109979
HGT9701265.wav	0.34384021973181539
HGT9708936.wav	0.014570426835518371
HGT9723597.wav	0.38561827703749968
HGT9725958.wav	0.03566363982501549
HGT9735043.wav	0.72405676603395008
HGT9744642.wav	0.028860107183806695
HGT9746640.wav	0.018559465160365031
HGT9747294.wav	0.024560258058978039
HGT9752634.wav	0.48403995939378064
HGT9755967.wav	0.70414287260988484
HGT9761711.wav	0.031458341128412642
HGT9762572.wav	0.024661603820453737
HGT9772169.wav	0.013075263367951466
HGT9778461.wav	0.78497490224881483
HGT9779062.wav	0.66324747708756004
HGT9779674.wav	0.023878432544500842
HGT9783326.wav	0.073584895580364837
HGT9785172.wav	0.022615408278572859
HGT9788612.wav	0.017458577448293842
HGT9793677.wav	0.022111479997817398
HGT9795934.wav	0.052577987953525619
HGT9797126.wav	0.54825667202760653
HGT9800079.wav	0.74244813643621388
HGT9808356.wav	0.01225718188856776
HGT9810981.wav	0.020980979159501121
HGT9811947.wav	0.30573357140017682
HGT9817370.wav	0.027750153096505678
HGT9817909.wav	0.010045523406874209
HGT9821933.wav	0.78901769500507857
HGT9823056.wav	0.0099594173413374391
HGT9825775.wav	0.015179186903618648
HGT9829245.wav	0.82998332156567201
HGT9832253.wav	0.88664677199020692
HGT9833084.wav	0.77959892014363752
HGT9835860.wav	0.032566693111929508
HGT9837023.wav	0.030528625562382672
HGT9837636.wav	0.01486589215322489
HGT9845339.wav	0.023349476105465384
HGT9845937.wav	0.016112481123652822
HGT9853745.wav	0.010007720536482015
HGT9856339.wav	0.032342613962695617
HGT9882378.wav	0.020204517705125963
HGT9883635.wav	0.60053326148958019
HGT9896823.wav	0.68564005109712622
HGT9901306.wav	0.036256656324958891
HGT9904505.wav	0.56690786200783783
HGT9904926.wav	0.019006400889394644
HGT9906099.wav	0.72973996918990636
HGT9915551.wav	0.016192620651567666
HGT9922783.wav	0.030316566150090166
HGT9924266.wav	0.6309448716704098
HGT9928684.wav	0.69405369110644
HGT9932042.wav	0.012410041142271431
HGT9942986.wav	0.018540999045305758
HGT9951375.wav	0.65989374558994474
HGT9952517.wav	0.027937086295563955
HGT9953829.wav	0.023241084447103141
HGT9955625.wav	0.02985617279650277
HGT9969119.wav	0.02146731034535047
HGT9971826.wav	0.038313754010763895
HGT9984076.wav	0.01667960627655771
HGT9984099.wav	0.099972823738165281
HGT9985870.wav	0.020893236230102002
HGT9988894.wav	0.54152180663747362
HGT9991309.wav	0.052861504286450714
HGT9998236.wav	0.037135617576551129
